﻿<parameters>
    <!-- Prompts for database server name, this is used in the connection string parameter later -->

    <parameter
      name="Database Server"
      description="Location of your database server (i.e. server name, IP address, or server\instance)"
      defaultValue=".\SQLEXPRESS"
      tags="SQL, dbServer">
    </parameter>

    <!-- Prompts for the database name and fills it into the database scripts -->

    <parameter
      name="Database Name"
      description="Name of the database for your application."
      defaultValue="AmpliFeederDB"
      tags="SQL, dbName">
        <parameterEntry
          type="TextFile"
          scope="install.sql"
          match="PlaceHolderForDb" />
    </parameter>

    <!-- Prompts for the database username and fills it into the database scripts. The SQL tag indicates it is a parameter required for SQL, the DbUsername tag indicates this is a Db username -->

    <parameter
      name="Database Username"
      description="User name to access your application database."
      defaultValue="AmpliFeederUser"
      tags="SQL, dbUsername">
        <parameterEntry
          type="TextFile"
          scope="install.sql"
          match="PlaceHolderForUser" />
    </parameter>

    <!-- Prompts for the database password and fills it into the database scripts. The SQL tag indicates it is a parameter required for SQL, the DbUserPassword tag indicates this is a Db password -->

    <parameter
      name="Database Password"
      description="Password for the database username." 
      tags="New, Password, SQL, dbUserPassword">
        <parameterEntry
          type="TextFile"
          scope="install.sql"
          match="PlaceHolderForPassword" />
    </parameter>

    <!-- Prompts for the admin creds and uses it for the administrator connection string. This is used to create a login and assign permissions. The SQL tag indicates it is a parameter required for SQL. The DbAdminUsername tag indicates it should be used when the user is creating a new database. If they're not, it can be filled in with the DbUsername value. -->

    <parameter
      name="Database Administrator"
      description="Administrator user name for your database."
      defaultValue="sa"
      tags="SQL, dbAdminUsername">
    </parameter>

    <!-- Prompts for the admin password and uses it for the administrator connection string.  This is use to create a login and assign permissions. The SQL tag indicates it is a parameter required for SQL. The DbAdminPassword tag indicates it should be used when the user is creating a new database. If they're not, it can be filled in with the DbUserPassword value. -->

    <parameter
      name="Database Administrator Password"
      description="Password for the database administrator account."
      tags="Password, SQL, dbAdminPassword">
    </parameter>

    <!-- This is the hidden admin connection string used to run the database scripts -->

    <parameter
      name="Connection String"
      description="Automatically sets the connection string for the connection request."
      defaultValue="Server={Database Server};Database={Database Name};uid={Database Administrator};Pwd={Database Administrator Password};"
      tags="Hidden">
        <parameterEntry
          type="ProviderPath"
          scope="dbfullsql"
          match="install.sql" />
    </parameter>


    <parameter
    name="Connection String For Config"
    description="Automatically sets the connection string for the Web.config."
    defaultValue="Data Source={Database Server};Database={Database Name};uid={Database Username};Pwd={Database Password};"
    tags="Hidden">
        <parameterEntry
          type="XmlFile"
          scope="\\web.config$"
          match="//connectionStrings/add/@connectionString" />
    </parameter>

</parameters>
